;Total Crimes 2020;Crimes contra as pessoas 2020;Crimes de homicídio voluntário consumado 2020;Crimes contra a integridade física 2020;Ofensa à integridade física voluntária simples 2020;Violência doméstica contra cônjuge ou análogos 2020;Crimes contra o patrimônio 2020;Roubo por esticão e na via pública 2020;Furto de veículo e em veículo motorizado 2020;Crimes contra a identidade cultural e integridade pessoal 2020;Crimes contra a vida em sociedade 2020;Condução de veículo com taxa de álcool igual ou superior a 1,2 g/l 2020;Crimes contra o Estado 2020;Crimes contra animais de companhia 2020;Crimes previstos em legislação avulsa 2020;Condução sem habilitação legal 2020
PT: Portugal;298797;77243;93;48903;18389;23439;152704;6904;29642;145;34404;13693;6795;1891;25615;12897
170: �rea Metropolitana de Lisboa;89025;20883;34;13747;4732;7030;49186;4040;9235;75;8035;2568;2190;508;8148;4870
1701502: Alcochete;615;133;x x;80;30;40;349;5;96;x x;62;18;10;8;53;28
1701503: Almada;5736;1357;x x;864;306;435;3572;324;705;x x;421;86;82;20;282;149
1701115: Amadora;5004;1279;x x;911;316;463;2575;362;560;x x;452;155;230;23;444;280
1701504: Barreiro;2942;841;x x;529;159;284;1526;139;223;x x;266;78;69;34;204;168
1701105: Cascais;5385;1336;x x;857;332;380;3317;246;625;x x;394;133;87;16;231;102
1701106: Lisboa;25307;4445;x x;2873;1101;1406;15144;1462;2932;x x;2105;481;580;90;2916;1512
1701107: Loures;5452;1339;x x;914;282;473;2574;152;490;x x;579;260;234;44;668;501
1701109: Mafra;1944;497;x x;283;98;151;971;16;130;x x;217;100;38;12;206;110
1701506: Moita;2205;713;x x;496;186;235;1024;73;157;x x;242;59;46;25;151;95
1701507: Montijo;1950;410;x x;247;98;120;1028;36;165;x x;224;90;42;29;217;169
1701116: Odivelas;3066;892;x x;633;203;352;1595;145;351;x x;319;76;60;14;185;145
1701110: Oeiras;3994;949;x x;639;219;320;1990;193;376;x x;437;191;103;15;500;347
1701508: Palmela;2100;595;x x;362;136;178;1079;45;115;x x;219;75;33;10;164;75
1701510: Seixal;3925;1066;x x;693;223;321;2135;182;412;x x;327;78;76;29;291;205
1701511: Sesimbra;2003;463;x x;275;96;143;921;32;165;x x;311;186;52;8;248;144
1701512: Set�bal;3931;1146;x x;746;271;376;1994;108;432;x x;318;58;84;33;351;182
1701111: Sintra;10294;2603;x x;1765;518;1020;5806;436;1043;x x;820;280;198;62;799;501
1701114: Vila Franca de Xira;3172;819;x x;580;158;333;1586;84;258;x x;322;164;166;36;238;157