;Total Crimes 2019;Crimes contra as pessoas 2019;Crimes de homicídio voluntário consumado 2019;Crimes contra a integridade física 2019;Ofensa à integridade física voluntária simples 2019;Violência doméstica contra cônjuge ou análogos 2019;Crimes contra o patrimônio 2019;Roubo por esticão e na via pública 2019;Furto de veículo e em veículo motorizado 2019;Crimes contra a identidade cultural e integridade pessoal 2019;Crimes contra a vida em sociedade 2019;Condução de veículo com taxa de álcool igual ou superior a 1,2 g/l 2019;Crimes contra o Estado 2019;Crimes contra animais de companhia 2019;Crimes previstos em legislação avulsa 2019;Condução sem habilitação legal 2019
PT: Portugal;335614;86383;89;56460;23279;24793;172357;8941;31352;91;42529;16872;5269;2014;26971;9664
170: �rea Metropolitana de Lisboa;105474;24007;33;16203;6341;7342;61083;5168;10590;46;10496;3069;1542;654;7646;2731
1701502: Alcochete;727;160;x x;98;41;42;370;10;78;x x;100;25;16;3;78;34
1701503: Almada;6814;1556;x x;1016;416;444;4233;306;823;x x;519;121;66;37;399;174
1701115: Amadora;5784;1568;x x;1105;448;511;3131;463;555;x x;610;166;98;36;340;152
1701504: Barreiro;3426;1057;x x;690;258;305;1664;109;253;x x;378;130;33;47;246;147
1701105: Cascais;6448;1518;x x;1002;389;425;3868;277;697;x x;603;249;77;24;351;103
1701106: Lisboa;35115;5548;x x;3760;1668;1551;22326;2082;3448;x x;3380;896;543;116;3186;811
1701107: Loures;5664;1656;x x;1164;447;517;2774;162;468;x x;613;208;140;27;453;267
1701109: Mafra;2041;534;x x;292;113;128;1054;24;145;x x;224;83;29;12;187;67
1701506: Moita;1921;637;x x;425;169;187;922;81;171;x x;231;48;18;18;94;30
1701507: Montijo;2278;525;x x;350;141;135;1243;58;221;x x;278;121;32;32;168;77
1701116: Odivelas;3412;849;x x;636;210;351;1863;179;456;x x;491;64;57;21;131;72
1701110: Oeiras;4033;960;x x;630;229;285;2137;193;399;x x;441;157;66;22;402;120
1701508: Palmela;2245;576;x x;375;155;160;1162;31;135;x x;298;87;26;18;165;68
1701510: Seixal;4214;1155;x x;794;273;368;2323;177;476;x x;365;86;40;53;275;109
1701511: Sesimbra;2057;552;x x;337;155;137;1081;35;220;x x;264;126;29;15;115;54
1701512: Set�bal;4298;1266;x x;825;323;384;2361;158;443;x x;261;70;75;54;281;88
1701111: Sintra;11531;2895;x x;2013;653;1091;6760;734;1322;x x;1090;299;133;77;572;260
1701114: Vila Franca de Xira;3466;995;x x;691;253;321;1811;89;280;x x;350;133;64;42;203;98