;Total Crimes 2021;Crimes contra as pessoas 2021;Crimes de homicídio voluntário consumado 2021;Crimes contra a integridade física 2021;Ofensa à integridade física voluntária simples 2021;Violência doméstica contra cônjuge ou análogos 2021;Crimes contra o patrimônio 2021;Roubo por esticão e na via pública 2021;Furto de veículo e em veículo motorizado 2021;Crimes contra a identidade cultural e integridade pessoal 2021;Crimes contra a vida em sociedade 2021;Condução de veículo com taxa de álcool igual ou superior a 1,2 g/l 2021;Crimes contra o Estado 2021;Crimes contra animais de companhia 2021;Crimes previstos em legislação avulsa 2021;Condução sem habilitação legal 2021
PT: Portugal;301394;77904;85;48572;18948;22524;151288;6053;29735;171;34410;15390;6744;1919;28958;14511
170: �rea Metropolitana de Lisboa;91024;20859;37;13587;4890;6660;49698;3410;10479;79;8323;3369;2131;489;9445;5749
1701502: Alcochete;599;126;x x;72;37;29;329;7;92;x x;73;14;9;5;57;19
1701503: Almada;6112;1455;x x;879;335;418;3752;221;962;x x;423;95;73;23;383;219
1701115: Amadora;5357;1278;x x;906;285;441;2791;408;589;x x;504;272;215;30;533;341
1701504: Barreiro;2872;794;x x;522;191;246;1453;76;274;x x;293;99;74;17;239;183
1701105: Cascais;5917;1429;x x;921;393;379;3587;210;793;x x;454;225;85;28;325;174
1701106: Lisboa;25912;4676;x x;3012;1239;1406;14813;1309;2850;x x;2216;894;663;84;3437;1759
1701107: Loures;5820;1357;x x;916;284;478;2684;115;519;x x;679;356;226;33;840;655
1701109: Mafra;1983;530;x x;292;82;169;979;16;197;x x;201;96;41;11;219;136
1701506: Moita;2106;622;x x;432;140;224;1022;61;217;x x;241;73;33;21;166;105
1701507: Montijo;2191;514;x x;311;119;142;1058;28;185;x x;258;77;36;20;300;212
1701116: Odivelas;2736;753;x x;535;169;302;1408;120;362;x x;348;94;35;19;171;127
1701110: Oeiras;4307;973;x x;658;191;354;2191;114;485;x x;466;256;122;17;536;386
1701508: Palmela;2090;512;x x;305;125;136;1075;18;198;x x;246;70;42;16;197;113
1701510: Seixal;3961;997;x x;634;212;306;2160;82;544;x x;328;91;64;31;379;267
1701511: Sesimbra;1784;462;x x;258;95;117;890;17;183;x x;178;71;36;10;206;109
1701512: Set�bal;3773;952;x x;645;262;259;2034;91;406;x x;303;100;71;27;379;246
1701111: Sintra;10310;2490;x x;1688;522;945;5917;445;1302;x x;816;330;189;68;822;519
1701114: Vila Franca de Xira;3194;939;x x;601;209;309;1555;72;321;x x;296;156;117;29;256;179