;Rendimento bruto declarado por agregado fiscal;
PT: Portugal;19065;
1: Continente;19096;
1701502: Alcochete;25087;
1701503: Almada;21157;
1701115: Amadora;18636;
1701504: Barreiro;19258;
1701105: Cascais;25614;
1701106: Lisboa;28072;
1701107: Loures;20054;
1701109: Mafra;21912;
1701506: Moita;16964;
1701507: Montijo;19714;
1701116: Odivelas;19732;
1701110: Oeiras;28736;
1701508: Palmela;20603;
1701510: Seixal;20328;
1701511: Sesimbra;20182;
1701512: Set�bal;20797;
1701111: Sintra;18993;
1701114: Vila Franca de Xira;20056;
